FieldA,FieldB,FieldC,Notes
Message 1 - field a,Message 1 - field b,Message 1 - field c,Message 1 - notes
Message 2 - field a,Message 2 - field b,Message 2 - field c,Message 2 - notes
Message 3 - field a,Message 3 - field b,Message 3 - field c,Message 3 - notes
Message 4 - field a,Message 4 - field b,Message 4 - field c,Message 4 - notes
Message 5 - field a,Message 5 - field b,Message 5 - field c,Message 5 - notes
Message 6 - field a,Message 6 - field b,Message 6 - field c,Message 6 - notes
Message 7 - field a,Message 7 - field b,Message 7 - field c,Message 7 - notes
Message 8 - field a,Message 8 - field b,Message 8 - field c,Message 8 - notes
Message 9 - field a,Message 9 - field b,Message 9 - field c,Message 9 - notes
Message 10 - field a,Message 10 - field b,Message 10 - field c,Message 10 - notes
Message 11 - field a,Message 11 - field b,Message 11 - field c,Message 11 - notes
Message 12 - field a,Message 12 - field b,Message 12 - field c,Message 12 - notes
Message 13 - field a,Message 13 - field b,Message 13 - field c,Message 13 - notes
Message 14 - field a,Message 14 - field b,Message 14 - field c,Message 14 - notes
Message 15 - field a,Message 15 - field b,Message 15 - field c,Message 15 - notes
Message 16 - field a,Message 16 - field b,Message 16 - field c,Message 16 - notes
Message 17 - field a,Message 17 - field b,Message 17 - field c,Message 17 - notes
Message 18 - field a,Message 18 - field b,Message 18 - field c,Message 18 - notes
Message 19 - field a,Message 19 - field b,Message 19 - field c,Message 19 - notes
Message 20 - field a,Message 20 - field b,Message 20 - field c,Message 20 - notes

