FieldA,FieldB,Notes
1.a,1.b,1.notes
2.a,2.b,2.notes
3.a,3.b,3.notes
4.a,4.b,4.notes
5.a,5.b,5.notes
6.a,6.b,6.notes
7.a,7.b,7.notes
8.a,8.b,8.notes
9.a,9.b,9.notes
10.a,10.b,10.notes
11.a,11.b,11.notes
12.a,12.b,12.notes
13.a,13.b,13.notes
14.a,14.b,14.notes
15.a,15.b,15.notes
16.a,16.b,16.notes
17.a,17.b,17.notes
18.a,18.b,18.notes
19.a,19.b,19.notes
20.a,20.b,20.notes
21.a,21.b,21.notes
22.a,22.b,22.notes
23.a,23.b,23.notes
24.a,24.b,24.notes
25.a,25.b,25.notes
26.a,26.b,26.notes
27.a,27.b,27.notes
28.a,28.b,28.notes
29.a,29.b,29.notes
30.a,30.b,30.notes
31.a,31.b,31.notes
32.a,32.b,32.notes
33.a,33.b,33.notes
34.a,34.b,34.notes
35.a,35.b,35.notes
36.a,36.b,36.notes
37.a,37.b,37.notes
38.a,38.b,38.notes
39.a,39.b,39.notes
40.a,40.b,40.notes
41.a,41.b,41.notes
42.a,42.b,42.notes
43.a,43.b,43.notes
44.a,44.b,44.notes
45.a,45.b,45.notes
46.a,46.b,46.notes
47.a,47.b,47.notes
48.a,48.b,48.notes
49.a,49.b,49.notes
50.a,50.b,50.notes
51.a,51.b,51.notes
52.a,52.b,52.notes
53.a,53.b,53.notes
54.a,54.b,54.notes
55.a,55.b,55.notes
56.a,56.b,56.notes
57.a,57.b,57.notes
58.a,58.b,58.notes
59.a,59.b,59.notes
60.a,60.b,60.notes
61.a,61.b,61.notes
62.a,62.b,62.notes
63.a,63.b,63.notes
64.a,64.b,64.notes
65.a,65.b,65.notes
66.a,66.b,66.notes
67.a,67.b,67.notes
68.a,68.b,68.notes
69.a,69.b,69.notes
70.a,70.b,70.notes
71.a,71.b,71.notes
72.a,72.b,72.notes
73.a,73.b,73.notes
74.a,74.b,74.notes
75.a,75.b,75.notes
76.a,76.b,76.notes
77.a,77.b,77.notes
78.a,78.b,78.notes
79.a,79.b,79.notes
80.a,80.b,80.notes
81.a,81.b,81.notes
82.a,82.b,82.notes
83.a,83.b,83.notes
84.a,84.b,84.notes
85.a,85.b,85.notes
86.a,86.b,86.notes
87.a,87.b,87.notes
88.a,88.b,88.notes
89.a,89.b,89.notes
90.a,90.b,90.notes
91.a,91.b,91.notes
92.a,92.b,92.notes
93.a,93.b,93.notes
94.a,94.b,94.notes
95.a,95.b,95.notes
96.a,96.b,96.notes
97.a,97.b,97.notes
98.a,98.b,98.notes
99.a,99.b,99.notes
100.a,100.b,100.notes
101.a,101.b,101.notes
102.a,102.b,102.notes
103.a,103.b,103.notes
104.a,104.b,104.notes
105.a,105.b,105.notes
106.a,106.b,106.notes
107.a,107.b,107.notes
108.a,108.b,108.notes
109.a,109.b,109.notes
110.a,110.b,110.notes
111.a,111.b,111.notes
112.a,112.b,112.notes
113.a,113.b,113.notes
114.a,114.b,114.notes
115.a,115.b,115.notes
116.a,116.b,116.notes
117.a,117.b,117.notes
118.a,118.b,118.notes
119.a,119.b,119.notes
120.a,120.b,120.notes
121.a,121.b,121.notes
122.a,122.b,122.notes
123.a,123.b,123.notes
124.a,124.b,124.notes
125.a,125.b,125.notes
126.a,126.b,126.notes
127.a,127.b,127.notes
128.a,128.b,128.notes
129.a,129.b,129.notes
130.a,130.b,130.notes
131.a,131.b,131.notes
132.a,132.b,132.notes
133.a,133.b,133.notes
134.a,134.b,134.notes
135.a,135.b,135.notes
136.a,136.b,136.notes
137.a,137.b,137.notes
138.a,138.b,138.notes
139.a,139.b,139.notes
140.a,140.b,140.notes
141.a,141.b,141.notes
142.a,142.b,142.notes
143.a,143.b,143.notes
144.a,144.b,144.notes
145.a,145.b,145.notes
146.a,146.b,146.notes
147.a,147.b,147.notes
148.a,148.b,148.notes
149.a,149.b,149.notes
150.a,150.b,150.notes
151.a,151.b,151.notes
152.a,152.b,152.notes
153.a,153.b,153.notes
154.a,154.b,154.notes
155.a,155.b,155.notes
156.a,156.b,156.notes
157.a,157.b,157.notes
158.a,158.b,158.notes
159.a,159.b,159.notes
160.a,160.b,160.notes
161.a,161.b,161.notes
162.a,162.b,162.notes
163.a,163.b,163.notes
164.a,164.b,164.notes
165.a,165.b,165.notes
166.a,166.b,166.notes
167.a,167.b,167.notes
168.a,168.b,168.notes
169.a,169.b,169.notes
170.a,170.b,170.notes
171.a,171.b,171.notes
172.a,172.b,172.notes
173.a,173.b,173.notes
174.a,174.b,174.notes
175.a,175.b,175.notes
176.a,176.b,176.notes
177.a,177.b,177.notes
178.a,178.b,178.notes
179.a,179.b,179.notes
180.a,180.b,180.notes
181.a,181.b,181.notes
182.a,182.b,182.notes
183.a,183.b,183.notes
184.a,184.b,184.notes
185.a,185.b,185.notes
186.a,186.b,186.notes
187.a,187.b,187.notes
188.a,188.b,188.notes
189.a,189.b,189.notes
190.a,190.b,190.notes
191.a,191.b,191.notes
192.a,192.b,192.notes
193.a,193.b,193.notes
194.a,194.b,194.notes
195.a,195.b,195.notes
196.a,196.b,196.notes
197.a,197.b,197.notes
198.a,198.b,198.notes
199.a,199.b,199.notes
200.a,200.b,200.notes
201.a,201.b,201.notes
202.a,202.b,202.notes
203.a,203.b,203.notes
204.a,204.b,204.notes
205.a,205.b,205.notes
206.a,206.b,206.notes
207.a,207.b,207.notes
208.a,208.b,208.notes
209.a,209.b,209.notes
210.a,210.b,210.notes
211.a,211.b,211.notes
212.a,212.b,212.notes
213.a,213.b,213.notes
214.a,214.b,214.notes
215.a,215.b,215.notes
216.a,216.b,216.notes
217.a,217.b,217.notes
218.a,218.b,218.notes
219.a,219.b,219.notes
220.a,220.b,220.notes
221.a,221.b,221.notes
222.a,222.b,222.notes
223.a,223.b,223.notes
224.a,224.b,224.notes
225.a,225.b,225.notes
226.a,226.b,226.notes
227.a,227.b,227.notes
228.a,228.b,228.notes
229.a,229.b,229.notes
230.a,230.b,230.notes
231.a,231.b,231.notes
232.a,232.b,232.notes
233.a,233.b,233.notes
234.a,234.b,234.notes
235.a,235.b,235.notes
236.a,236.b,236.notes
237.a,237.b,237.notes
238.a,238.b,238.notes
239.a,239.b,239.notes
240.a,240.b,240.notes
241.a,241.b,241.notes
242.a,242.b,242.notes
243.a,243.b,243.notes
244.a,244.b,244.notes
245.a,245.b,245.notes
246.a,246.b,246.notes
247.a,247.b,247.notes
248.a,248.b,248.notes
249.a,249.b,249.notes
250.a,250.b,250.notes
251.a,251.b,251.notes
252.a,252.b,252.notes
253.a,253.b,253.notes
254.a,254.b,254.notes
255.a,255.b,255.notes
256.a,256.b,256.notes
257.a,257.b,257.notes
258.a,258.b,258.notes
259.a,259.b,259.notes
260.a,260.b,260.notes
261.a,261.b,261.notes
262.a,262.b,262.notes
263.a,263.b,263.notes
264.a,264.b,264.notes
265.a,265.b,265.notes
266.a,266.b,266.notes
267.a,267.b,267.notes
268.a,268.b,268.notes
269.a,269.b,269.notes
270.a,270.b,270.notes
271.a,271.b,271.notes
272.a,272.b,272.notes
273.a,273.b,273.notes
274.a,274.b,274.notes
275.a,275.b,275.notes
276.a,276.b,276.notes
277.a,277.b,277.notes
278.a,278.b,278.notes
279.a,279.b,279.notes
280.a,280.b,280.notes
281.a,281.b,281.notes
282.a,282.b,282.notes
283.a,283.b,283.notes
284.a,284.b,284.notes
285.a,285.b,285.notes
286.a,286.b,286.notes
287.a,287.b,287.notes
288.a,288.b,288.notes
289.a,289.b,289.notes
290.a,290.b,290.notes
291.a,291.b,291.notes
292.a,292.b,292.notes
293.a,293.b,293.notes
294.a,294.b,294.notes
295.a,295.b,295.notes
296.a,296.b,296.notes
297.a,297.b,297.notes
298.a,298.b,298.notes
299.a,299.b,299.notes
300.a,300.b,300.notes
301.a,301.b,301.notes
302.a,302.b,302.notes
303.a,303.b,303.notes
304.a,304.b,304.notes
305.a,305.b,305.notes
306.a,306.b,306.notes
307.a,307.b,307.notes
308.a,308.b,308.notes
309.a,309.b,309.notes
310.a,310.b,310.notes
311.a,311.b,311.notes
312.a,312.b,312.notes
313.a,313.b,313.notes
314.a,314.b,314.notes
315.a,315.b,315.notes
316.a,316.b,316.notes
317.a,317.b,317.notes
318.a,318.b,318.notes
319.a,319.b,319.notes
320.a,320.b,320.notes
321.a,321.b,321.notes
322.a,322.b,322.notes
323.a,323.b,323.notes
324.a,324.b,324.notes
325.a,325.b,325.notes
326.a,326.b,326.notes
327.a,327.b,327.notes
328.a,328.b,328.notes
329.a,329.b,329.notes
330.a,330.b,330.notes
331.a,331.b,331.notes
332.a,332.b,332.notes
333.a,333.b,333.notes
334.a,334.b,334.notes
335.a,335.b,335.notes
336.a,336.b,336.notes
337.a,337.b,337.notes
338.a,338.b,338.notes
339.a,339.b,339.notes
340.a,340.b,340.notes
341.a,341.b,341.notes
342.a,342.b,342.notes
343.a,343.b,343.notes
344.a,344.b,344.notes
345.a,345.b,345.notes
346.a,346.b,346.notes
347.a,347.b,347.notes
348.a,348.b,348.notes
349.a,349.b,349.notes
350.a,350.b,350.notes
351.a,351.b,351.notes
352.a,352.b,352.notes
353.a,353.b,353.notes
354.a,354.b,354.notes
355.a,355.b,355.notes
356.a,356.b,356.notes
357.a,357.b,357.notes
358.a,358.b,358.notes
359.a,359.b,359.notes
360.a,360.b,360.notes
361.a,361.b,361.notes
362.a,362.b,362.notes
363.a,363.b,363.notes
364.a,364.b,364.notes
365.a,365.b,365.notes
366.a,366.b,366.notes
367.a,367.b,367.notes
368.a,368.b,368.notes
369.a,369.b,369.notes
370.a,370.b,370.notes
371.a,371.b,371.notes
372.a,372.b,372.notes
373.a,373.b,373.notes
374.a,374.b,374.notes
375.a,375.b,375.notes
376.a,376.b,376.notes
377.a,377.b,377.notes
378.a,378.b,378.notes
379.a,379.b,379.notes
380.a,380.b,380.notes
381.a,381.b,381.notes
382.a,382.b,382.notes
383.a,383.b,383.notes
384.a,384.b,384.notes
385.a,385.b,385.notes
386.a,386.b,386.notes
387.a,387.b,387.notes
388.a,388.b,388.notes
389.a,389.b,389.notes
390.a,390.b,390.notes
391.a,391.b,391.notes
392.a,392.b,392.notes
393.a,393.b,393.notes
394.a,394.b,394.notes
395.a,395.b,395.notes
396.a,396.b,396.notes
397.a,397.b,397.notes
398.a,398.b,398.notes
399.a,399.b,399.notes
400.a,400.b,400.notes
401.a,401.b,401.notes
402.a,402.b,402.notes
403.a,403.b,403.notes
404.a,404.b,404.notes
405.a,405.b,405.notes
406.a,406.b,406.notes
407.a,407.b,407.notes
408.a,408.b,408.notes
409.a,409.b,409.notes
410.a,410.b,410.notes
411.a,411.b,411.notes
412.a,412.b,412.notes
413.a,413.b,413.notes
414.a,414.b,414.notes
415.a,415.b,415.notes
416.a,416.b,416.notes
417.a,417.b,417.notes
418.a,418.b,418.notes
419.a,419.b,419.notes
420.a,420.b,420.notes
421.a,421.b,421.notes
422.a,422.b,422.notes
423.a,423.b,423.notes
424.a,424.b,424.notes
425.a,425.b,425.notes
426.a,426.b,426.notes
427.a,427.b,427.notes
428.a,428.b,428.notes
429.a,429.b,429.notes
430.a,430.b,430.notes
431.a,431.b,431.notes
432.a,432.b,432.notes
433.a,433.b,433.notes
434.a,434.b,434.notes
435.a,435.b,435.notes
436.a,436.b,436.notes
437.a,437.b,437.notes
438.a,438.b,438.notes
439.a,439.b,439.notes
440.a,440.b,440.notes
441.a,441.b,441.notes
442.a,442.b,442.notes
443.a,443.b,443.notes
444.a,444.b,444.notes
445.a,445.b,445.notes
446.a,446.b,446.notes
447.a,447.b,447.notes
448.a,448.b,448.notes
449.a,449.b,449.notes
450.a,450.b,450.notes
451.a,451.b,451.notes
452.a,452.b,452.notes
453.a,453.b,453.notes
454.a,454.b,454.notes
455.a,455.b,455.notes
456.a,456.b,456.notes
457.a,457.b,457.notes
458.a,458.b,458.notes
459.a,459.b,459.notes
460.a,460.b,460.notes
461.a,461.b,461.notes
462.a,462.b,462.notes
463.a,463.b,463.notes
464.a,464.b,464.notes
465.a,465.b,465.notes
466.a,466.b,466.notes
467.a,467.b,467.notes
468.a,468.b,468.notes
469.a,469.b,469.notes
470.a,470.b,470.notes
471.a,471.b,471.notes
472.a,472.b,472.notes
473.a,473.b,473.notes
474.a,474.b,474.notes
475.a,475.b,475.notes
476.a,476.b,476.notes
477.a,477.b,477.notes
478.a,478.b,478.notes
479.a,479.b,479.notes
480.a,480.b,480.notes
481.a,481.b,481.notes
482.a,482.b,482.notes
483.a,483.b,483.notes
484.a,484.b,484.notes
485.a,485.b,485.notes
486.a,486.b,486.notes
487.a,487.b,487.notes
488.a,488.b,488.notes
489.a,489.b,489.notes
490.a,490.b,490.notes
491.a,491.b,491.notes
492.a,492.b,492.notes
493.a,493.b,493.notes
494.a,494.b,494.notes
495.a,495.b,495.notes
496.a,496.b,496.notes
497.a,497.b,497.notes
498.a,498.b,498.notes
499.a,499.b,499.notes
500.a,500.b,500.notes
501.a,501.b,501.notes
502.a,502.b,502.notes
503.a,503.b,503.notes
504.a,504.b,504.notes
505.a,505.b,505.notes
506.a,506.b,506.notes
507.a,507.b,507.notes
508.a,508.b,508.notes
509.a,509.b,509.notes
510.a,510.b,510.notes
511.a,511.b,511.notes
512.a,512.b,512.notes
513.a,513.b,513.notes
514.a,514.b,514.notes
515.a,515.b,515.notes
516.a,516.b,516.notes
517.a,517.b,517.notes
518.a,518.b,518.notes
519.a,519.b,519.notes
520.a,520.b,520.notes
521.a,521.b,521.notes
522.a,522.b,522.notes
523.a,523.b,523.notes
524.a,524.b,524.notes
525.a,525.b,525.notes
526.a,526.b,526.notes
527.a,527.b,527.notes
528.a,528.b,528.notes
529.a,529.b,529.notes
530.a,530.b,530.notes
531.a,531.b,531.notes
532.a,532.b,532.notes
533.a,533.b,533.notes
534.a,534.b,534.notes
535.a,535.b,535.notes
536.a,536.b,536.notes
537.a,537.b,537.notes
538.a,538.b,538.notes
539.a,539.b,539.notes
540.a,540.b,540.notes
541.a,541.b,541.notes
542.a,542.b,542.notes
543.a,543.b,543.notes
544.a,544.b,544.notes
545.a,545.b,545.notes
546.a,546.b,546.notes
547.a,547.b,547.notes
548.a,548.b,548.notes
549.a,549.b,549.notes
550.a,550.b,550.notes
551.a,551.b,551.notes
552.a,552.b,552.notes
553.a,553.b,553.notes
554.a,554.b,554.notes
555.a,555.b,555.notes
556.a,556.b,556.notes
557.a,557.b,557.notes
558.a,558.b,558.notes
559.a,559.b,559.notes
560.a,560.b,560.notes
561.a,561.b,561.notes
562.a,562.b,562.notes
563.a,563.b,563.notes
564.a,564.b,564.notes
565.a,565.b,565.notes
566.a,566.b,566.notes
567.a,567.b,567.notes
568.a,568.b,568.notes
569.a,569.b,569.notes
570.a,570.b,570.notes
571.a,571.b,571.notes
572.a,572.b,572.notes
573.a,573.b,573.notes
574.a,574.b,574.notes
575.a,575.b,575.notes
576.a,576.b,576.notes
577.a,577.b,577.notes
578.a,578.b,578.notes
579.a,579.b,579.notes
580.a,580.b,580.notes
581.a,581.b,581.notes
582.a,582.b,582.notes
583.a,583.b,583.notes
584.a,584.b,584.notes
585.a,585.b,585.notes
586.a,586.b,586.notes
587.a,587.b,587.notes
588.a,588.b,588.notes
589.a,589.b,589.notes
590.a,590.b,590.notes
591.a,591.b,591.notes
592.a,592.b,592.notes
593.a,593.b,593.notes
594.a,594.b,594.notes
595.a,595.b,595.notes
596.a,596.b,596.notes
597.a,597.b,597.notes
598.a,598.b,598.notes
599.a,599.b,599.notes
600.a,600.b,600.notes
601.a,601.b,601.notes
602.a,602.b,602.notes
603.a,603.b,603.notes
604.a,604.b,604.notes
605.a,605.b,605.notes
606.a,606.b,606.notes
607.a,607.b,607.notes
608.a,608.b,608.notes
609.a,609.b,609.notes
610.a,610.b,610.notes
611.a,611.b,611.notes
612.a,612.b,612.notes
613.a,613.b,613.notes
614.a,614.b,614.notes
615.a,615.b,615.notes
616.a,616.b,616.notes
617.a,617.b,617.notes
618.a,618.b,618.notes
619.a,619.b,619.notes
620.a,620.b,620.notes
621.a,621.b,621.notes
622.a,622.b,622.notes
623.a,623.b,623.notes
624.a,624.b,624.notes
625.a,625.b,625.notes
626.a,626.b,626.notes
627.a,627.b,627.notes
628.a,628.b,628.notes
629.a,629.b,629.notes
630.a,630.b,630.notes
631.a,631.b,631.notes
632.a,632.b,632.notes
633.a,633.b,633.notes
634.a,634.b,634.notes
635.a,635.b,635.notes
636.a,636.b,636.notes
637.a,637.b,637.notes
638.a,638.b,638.notes
639.a,639.b,639.notes
640.a,640.b,640.notes
641.a,641.b,641.notes
642.a,642.b,642.notes
643.a,643.b,643.notes
644.a,644.b,644.notes
645.a,645.b,645.notes
646.a,646.b,646.notes
647.a,647.b,647.notes
648.a,648.b,648.notes
649.a,649.b,649.notes
650.a,650.b,650.notes
651.a,651.b,651.notes
652.a,652.b,652.notes
653.a,653.b,653.notes
654.a,654.b,654.notes
655.a,655.b,655.notes
656.a,656.b,656.notes
657.a,657.b,657.notes
658.a,658.b,658.notes
659.a,659.b,659.notes
660.a,660.b,660.notes
661.a,661.b,661.notes
662.a,662.b,662.notes
663.a,663.b,663.notes
664.a,664.b,664.notes
665.a,665.b,665.notes
666.a,666.b,666.notes
667.a,667.b,667.notes
668.a,668.b,668.notes
669.a,669.b,669.notes
670.a,670.b,670.notes
671.a,671.b,671.notes
672.a,672.b,672.notes
673.a,673.b,673.notes
674.a,674.b,674.notes
675.a,675.b,675.notes
676.a,676.b,676.notes
677.a,677.b,677.notes
678.a,678.b,678.notes
679.a,679.b,679.notes
680.a,680.b,680.notes
681.a,681.b,681.notes
682.a,682.b,682.notes
683.a,683.b,683.notes
684.a,684.b,684.notes
685.a,685.b,685.notes
686.a,686.b,686.notes
687.a,687.b,687.notes
688.a,688.b,688.notes
689.a,689.b,689.notes
690.a,690.b,690.notes
691.a,691.b,691.notes
692.a,692.b,692.notes
693.a,693.b,693.notes
694.a,694.b,694.notes
695.a,695.b,695.notes
696.a,696.b,696.notes
697.a,697.b,697.notes
698.a,698.b,698.notes
699.a,699.b,699.notes
700.a,700.b,700.notes
701.a,701.b,701.notes
702.a,702.b,702.notes
703.a,703.b,703.notes
704.a,704.b,704.notes
705.a,705.b,705.notes
706.a,706.b,706.notes
707.a,707.b,707.notes
708.a,708.b,708.notes
709.a,709.b,709.notes
710.a,710.b,710.notes
711.a,711.b,711.notes
712.a,712.b,712.notes
713.a,713.b,713.notes
714.a,714.b,714.notes
715.a,715.b,715.notes
716.a,716.b,716.notes
717.a,717.b,717.notes
718.a,718.b,718.notes
719.a,719.b,719.notes
720.a,720.b,720.notes
721.a,721.b,721.notes
722.a,722.b,722.notes
723.a,723.b,723.notes
724.a,724.b,724.notes
725.a,725.b,725.notes
726.a,726.b,726.notes
727.a,727.b,727.notes
728.a,728.b,728.notes
729.a,729.b,729.notes
730.a,730.b,730.notes
731.a,731.b,731.notes
732.a,732.b,732.notes
733.a,733.b,733.notes
734.a,734.b,734.notes
735.a,735.b,735.notes
736.a,736.b,736.notes
737.a,737.b,737.notes
738.a,738.b,738.notes
739.a,739.b,739.notes
740.a,740.b,740.notes
741.a,741.b,741.notes
742.a,742.b,742.notes
743.a,743.b,743.notes
744.a,744.b,744.notes
745.a,745.b,745.notes
746.a,746.b,746.notes
747.a,747.b,747.notes
748.a,748.b,748.notes
749.a,749.b,749.notes
750.a,750.b,750.notes
751.a,751.b,751.notes
752.a,752.b,752.notes
753.a,753.b,753.notes
754.a,754.b,754.notes
755.a,755.b,755.notes
756.a,756.b,756.notes
757.a,757.b,757.notes
758.a,758.b,758.notes
759.a,759.b,759.notes
760.a,760.b,760.notes
761.a,761.b,761.notes
762.a,762.b,762.notes
763.a,763.b,763.notes
764.a,764.b,764.notes
765.a,765.b,765.notes
766.a,766.b,766.notes
767.a,767.b,767.notes
768.a,768.b,768.notes
769.a,769.b,769.notes
770.a,770.b,770.notes
771.a,771.b,771.notes
772.a,772.b,772.notes
773.a,773.b,773.notes
774.a,774.b,774.notes
775.a,775.b,775.notes
776.a,776.b,776.notes
777.a,777.b,777.notes
778.a,778.b,778.notes
779.a,779.b,779.notes
780.a,780.b,780.notes
781.a,781.b,781.notes
782.a,782.b,782.notes
783.a,783.b,783.notes
784.a,784.b,784.notes
785.a,785.b,785.notes
786.a,786.b,786.notes
787.a,787.b,787.notes
788.a,788.b,788.notes
789.a,789.b,789.notes
790.a,790.b,790.notes
791.a,791.b,791.notes
792.a,792.b,792.notes
793.a,793.b,793.notes
794.a,794.b,794.notes
795.a,795.b,795.notes
796.a,796.b,796.notes
797.a,797.b,797.notes
798.a,798.b,798.notes
799.a,799.b,799.notes
800.a,800.b,800.notes
801.a,801.b,801.notes
802.a,802.b,802.notes
803.a,803.b,803.notes
804.a,804.b,804.notes
805.a,805.b,805.notes
806.a,806.b,806.notes
807.a,807.b,807.notes
808.a,808.b,808.notes
809.a,809.b,809.notes
810.a,810.b,810.notes
811.a,811.b,811.notes
812.a,812.b,812.notes
813.a,813.b,813.notes
814.a,814.b,814.notes
815.a,815.b,815.notes
816.a,816.b,816.notes
817.a,817.b,817.notes
818.a,818.b,818.notes
819.a,819.b,819.notes
820.a,820.b,820.notes
821.a,821.b,821.notes
822.a,822.b,822.notes
823.a,823.b,823.notes
824.a,824.b,824.notes
825.a,825.b,825.notes
826.a,826.b,826.notes
827.a,827.b,827.notes
828.a,828.b,828.notes
829.a,829.b,829.notes
830.a,830.b,830.notes
831.a,831.b,831.notes
832.a,832.b,832.notes
833.a,833.b,833.notes
834.a,834.b,834.notes
835.a,835.b,835.notes
836.a,836.b,836.notes
837.a,837.b,837.notes
838.a,838.b,838.notes
839.a,839.b,839.notes
840.a,840.b,840.notes
841.a,841.b,841.notes
842.a,842.b,842.notes
843.a,843.b,843.notes
844.a,844.b,844.notes
845.a,845.b,845.notes
846.a,846.b,846.notes
847.a,847.b,847.notes
848.a,848.b,848.notes
849.a,849.b,849.notes
850.a,850.b,850.notes
851.a,851.b,851.notes
852.a,852.b,852.notes
853.a,853.b,853.notes
854.a,854.b,854.notes
855.a,855.b,855.notes
856.a,856.b,856.notes
857.a,857.b,857.notes
858.a,858.b,858.notes
859.a,859.b,859.notes
860.a,860.b,860.notes
861.a,861.b,861.notes
862.a,862.b,862.notes
863.a,863.b,863.notes
864.a,864.b,864.notes
865.a,865.b,865.notes
866.a,866.b,866.notes
867.a,867.b,867.notes
868.a,868.b,868.notes
869.a,869.b,869.notes
870.a,870.b,870.notes
871.a,871.b,871.notes
872.a,872.b,872.notes
873.a,873.b,873.notes
874.a,874.b,874.notes
875.a,875.b,875.notes
876.a,876.b,876.notes
877.a,877.b,877.notes
878.a,878.b,878.notes
879.a,879.b,879.notes
880.a,880.b,880.notes
881.a,881.b,881.notes
882.a,882.b,882.notes
883.a,883.b,883.notes
884.a,884.b,884.notes
885.a,885.b,885.notes
886.a,886.b,886.notes
887.a,887.b,887.notes
888.a,888.b,888.notes
889.a,889.b,889.notes
890.a,890.b,890.notes
891.a,891.b,891.notes
892.a,892.b,892.notes
893.a,893.b,893.notes
894.a,894.b,894.notes
895.a,895.b,895.notes
896.a,896.b,896.notes
897.a,897.b,897.notes
898.a,898.b,898.notes
899.a,899.b,899.notes
900.a,900.b,900.notes
901.a,901.b,901.notes
902.a,902.b,902.notes
903.a,903.b,903.notes
904.a,904.b,904.notes
905.a,905.b,905.notes
906.a,906.b,906.notes
907.a,907.b,907.notes
908.a,908.b,908.notes
909.a,909.b,909.notes
910.a,910.b,910.notes
911.a,911.b,911.notes
912.a,912.b,912.notes
913.a,913.b,913.notes
914.a,914.b,914.notes
915.a,915.b,915.notes
916.a,916.b,916.notes
917.a,917.b,917.notes
918.a,918.b,918.notes
919.a,919.b,919.notes
920.a,920.b,920.notes
921.a,921.b,921.notes
922.a,922.b,922.notes
923.a,923.b,923.notes
924.a,924.b,924.notes
925.a,925.b,925.notes
926.a,926.b,926.notes
927.a,927.b,927.notes
928.a,928.b,928.notes
929.a,929.b,929.notes
930.a,930.b,930.notes
931.a,931.b,931.notes
932.a,932.b,932.notes
933.a,933.b,933.notes
934.a,934.b,934.notes
935.a,935.b,935.notes
936.a,936.b,936.notes
937.a,937.b,937.notes
938.a,938.b,938.notes
939.a,939.b,939.notes
940.a,940.b,940.notes
941.a,941.b,941.notes
942.a,942.b,942.notes
943.a,943.b,943.notes
944.a,944.b,944.notes
945.a,945.b,945.notes
946.a,946.b,946.notes
947.a,947.b,947.notes
948.a,948.b,948.notes
949.a,949.b,949.notes
950.a,950.b,950.notes
951.a,951.b,951.notes
952.a,952.b,952.notes
953.a,953.b,953.notes
954.a,954.b,954.notes
955.a,955.b,955.notes
956.a,956.b,956.notes
957.a,957.b,957.notes
958.a,958.b,958.notes
959.a,959.b,959.notes
960.a,960.b,960.notes
961.a,961.b,961.notes
962.a,962.b,962.notes
963.a,963.b,963.notes
964.a,964.b,964.notes
965.a,965.b,965.notes
966.a,966.b,966.notes
967.a,967.b,967.notes
968.a,968.b,968.notes
969.a,969.b,969.notes
970.a,970.b,970.notes
971.a,971.b,971.notes
972.a,972.b,972.notes
973.a,973.b,973.notes
974.a,974.b,974.notes
975.a,975.b,975.notes
976.a,976.b,976.notes
977.a,977.b,977.notes
978.a,978.b,978.notes
979.a,979.b,979.notes
980.a,980.b,980.notes
981.a,981.b,981.notes
982.a,982.b,982.notes
983.a,983.b,983.notes
984.a,984.b,984.notes
985.a,985.b,985.notes
986.a,986.b,986.notes
987.a,987.b,987.notes
988.a,988.b,988.notes
989.a,989.b,989.notes
990.a,990.b,990.notes
991.a,991.b,991.notes
992.a,992.b,992.notes
993.a,993.b,993.notes
994.a,994.b,994.notes
995.a,995.b,995.notes
996.a,996.b,996.notes
997.a,997.b,997.notes
998.a,998.b,998.notes
999.a,999.b,999.notes
1000.a,1000.b,1000.notes
1001.a,1001.b,1001.notes
1002.a,1002.b,1002.notes
